Fecha;Niv_rio.Bhahia;Niv_rio.Asu;Niv_rio.Pilar;Precipitacion;Temp_Aire_med;Temp_Aire_max;Temp_Aire_min;Temp_Rocio_med;Humedad_med;Presion_Atm_med;Insolacion;Evaporacion;semana
1/1/2017;1,84;3,07;5,64;0;30;36;24;23,9;NA;NA;10,6;7,4;1
2/1/2017;1,85;2,8;5,34;0;33,8;37;25,6;21,5;57;997;7;7,5;1
3/1/2017;1,85;2,6;5,19;0;31,7;35,6;25,2;22,6;55;994;11,1;8,1;1
4/1/2017;1,85;2,6;5,19;0;33,3;35,8;26;22,2;54;994;11,2;8,4;1
5/1/2017;1,88;2,28;4,7;0,2;29,8;32;27,6;23,5;74;996;4,8;4;1
6/1/2017;1,9;2,18;4,8;0;27,6;31,2;24,2;23,3;79;999;1,6;2,9;1
7/1/2017;1,9;2,1;4,7;0,1;30,7;37;24,9;NA;66;998;7,8;6,1;1
8/1/2017;1,91;2;4,5;0;30,6;36;25,2;22,1;NA;NA;12;6,5;2
9/1/2017;1,91;1,98;4,38;0;33,9;38,2;28;23,7;51;993;9,6;6,3;2
10/1/2017;1,92;1,88;4,13;0;30,5;34;28,8;NA;67;995;7;6,4;2
11/1/2017;1,93;1,86;4;4,3;29,1;33,5;24,6;23,2;NA;NA;4,5;3;2
12/1/2017;1,94;1,86;3,9;0;32,2;35,4;25;23,7;60;996;9,8;7,5;2
13/1/2017;1,94;1,81;3,75;0;31,8;37;25,6;23;64;995;8,5;5,9;2
14/1/2017;1,95;1,8;3,55;0;31;35,1;25,4;20,7;64;996;5,1;5,3;2
15/1/2017;1,96;1,8;3,55;12,3;34,7;38,1;24;23;47;998;9,9;2,3;3
16/1/2017;1,97;1,78;3,55;7,6;27,9;32;23,5;20,3;76;996;6,1;1,4;3
17/1/2017;1,98;1,78;3,5;0;28,4;32;22,2;22,3;63;996;11,8;6,2;3
18/1/2017;2;1,74;3,5;0;31,1;34;23;21;60;996;11,6;7;3
19/1/2017;2;1,72;3,48;0;31,8;35,5;24;21,9;54;997;11,5;7,4;3
20/1/2017;2,01;1,72;3,47;0;31,8;35,5;26;19,8;56;999;11,6;7;3
21/1/2017;2,03;1,68;3,44;0;31,3;36;24;21,4;52;998;10,1;6,5;3
22/1/2017;2,03;1,6;3,42;5,1;29,9;36;22,6;21,9;65;995;8,3;5,3;4
23/1/2017;2,05;1,58;3,4;0;25,8;33,4;22;22,4;79;996;5,4;4,5;4
24/1/2017;2,05;1,5;3,41;61,6;27,9;33;23,4;22,5;73;998;5,7;NA;4
25/1/2017;2,06;1,52;3,35;0;28,8;34;22,1;14,2;71;998;10,5;6,8;4
26/1/2017;2,08;1,5;3,28;0;23,7;28,4;22,2;14,7;56;1003;8,6;4,2;4
27/1/2017;2,08;1,47;3,17;0;24;28,5;15,2;16,2;57;1004;11,4;5,7;4
28/1/2017;2,09;1,47;3,06;0;27,1;31;17,2;19,4;53;1002;11,2;5;4
29/1/2017;2,09;1,38;2,9;0;30,7;34,5;20,6;20,4;51;999;10,8;6,9;5
30/1/2017;2,08;1,32;2,84;2,3;28,6;34,5;23;20;63;998;8,4;5,5;5
31/1/2017;2,08;1,32;2,77;0;26,3;30;20,3;21,2;69;997;9,2;5,8;5
1/2/2017;2,09;1,36;2,66;44,8;29,7;33,5;22,3;22,4;66;995;6,9;44,8;5
2/2/2017;2,09;1,4;2,65;0;26,9;32;21,8;22,4;77;995;NA;0;5
3/2/2017;2,14;1,42;2,67;0;26,6;34;23,4;23,9;94;997;10;0;5
4/2/2017;2,16;1,44;2,68;0;30,4;35,5;24,8;21,4;61;996;11,3;0;5
5/2/2017;2,19;1,46;2,7;46,3;24,4;27,5;21;21,3;84;997;4;46,3;6
6/2/2017;2,2;1,64;2,76;0;25,3;29,5;20,6;16,2;58;999;11,2;0;6
7/2/2017;2,24;1,7;2,78;0;26,3;31,5;18,6;14,9;50;997;11,5;0;6
8/2/2017;2,26;1,76;2,83;3,8;28,7;35,1;20,8;21,2;64;997;9,2;3,8;6
9/2/2017;2,28;1,8;2,86;38,5;29,8;34;25,6;21;76;994;4;38,5;6
10/2/2017;2,31;1,87;2,9;35,7;21,9;22;21,8;21,3;95;995;NA;35,7;6
11/2/2017;2,3;2,1;2,98;1,5;24,6;27,5;21,6;22,9;90;994;NA;1,5;6
12/2/2017;2,3;2,16;3,16;0;26,6;30;21,8;19,8;67;994;9,2;0;7
13/2/2017;2,3;2,2;3,26;0;25,7;30,5;20,9;19,7;71;995;10,8;0;7
14/2/2017;2,3;2,2;3,33;0;27,2;32;20,8;20,3;67;998;10,7;0;7
15/2/2017;2,32;2,19;3,41;0,6;28,9;33;23,2;24,4;77;1001;6,2;0,6;7
16/2/2017;2,34;2,2;3,46;0;30,6;34;24,3;22,6;64;998;11;0;7
17/2/2017;2,36;2,19;3,49;0;30,2;35;24,4;21,6;62;995;11,3;0;7
18/2/2017;2,36;2,15;3,58;0;31,7;35;25;22,3;59;996;11,2;0;7
19/2/2017;2,32;2,15;3,67;0;29,6;34,5;25,3;23,7;71;999;5,7;0;8
20/2/2017;2,3;2,14;3,75;0;31,9;35,5;25,6;22,6;59;1002;11;0;8
21/2/2017;2,29;2,02;3,81;0;32,4;37,2;25;22,5;57;1000;NA;0;8
22/2/2017;2,27;2;3,79;19,7;33,1;36,8;25,4;22;53;998;NA;19,7;8
23/2/2017;2,27;1,99;3,79;9,1;29,7;33,8;23;23;68;998;NA;9,1;8
24/2/2017;2,26;1,98;3,78;0;28,8;33;22,3;22,2;70;998;NA;0;8
25/2/2017;2,26;1,96;3,75;0,5;28;33,5;22,5;0;NA;NA;NA;NA;8
26/2/2017;2,29;1,95;3,72;5,6;28;33;23;0;NA;NA;NA;14;9
27/2/2017;2,29;1,82;3,72;15,9;29,3;34,6;23,9;NA;NA;NA;NA;9,5;9
28/2/2017;2,29;1,75;3,74;0,6;26,7;29;24,8;23;81;995;NA;NA;9
1/3/2017;2,3;1,8;3,71;0;29,6;33,5;24,1;23;69;992;NA;0;9
2/3/2017;2,3;1,8;3,65;0;30,5;34,5;23,6;23,4;68;993;NA;0;9
3/3/2017;2,32;1,8;3,62;49,2;31,9;35;26,2;23,7;63;994;NA;49,2;9
4/3/2017;2,34;1,93;3,6;1,6;26,3;29,5;23,2;24,7;91;993;NA;1,6;9
5/3/2017;2,32;1,85;3,58;0;27,3;30,5;24,6;23,3;79;994;NA;0;10
6/3/2017;2,36;1,82;3,59;0;29,4;33,9;23,2;23,8;72;997;NA;0;10
7/3/2017;2,38;1,8;3,64;0;30,6;35,1;25;24,3;70;998;9;0;10
8/3/2017;2,4;1,78;3,69;0;31,7;35,1;25,6;24,3;66;994;10,5;0;10
9/3/2017;2,43;1,8;3,75;0;31,6;36,2;27,9;22,4;59;991;NA;0;10
10/3/2017;2,45;1,75;3,74;6,2;27,7;32,5;27,6;22,8;75;997;2,9;6,2;10
11/3/2017;2,45;1,77;3,76;0;29,8;35;24,2;24,3;73;995;7;0;10
12/3/2017;2,5;1,78;3,8;6,5;28,1;30;26,2;21,3;79;1000;2,2;6,5;11
13/3/2017;2,5;1,8;3,78;0;20,7;27;17;13,3;63;1002;10,2;0;11
14/3/2017;2,45;1,8;3,78;0;24,7;31;14,2;15,8;59;999;10;0;11
15/3/2017;2,45;1,78;3,76;14,6;30,3;36,1;21,5;22,7;65;995;9,8;14,6;11
16/3/2017;2,45;1,75;3,74;1,1;25,3;29;21,6;18,4;86;1001;0;1,1;11
17/3/2017;2,47;1,74;3,68;0;21,4;26;18;14,6;67;1005;7,7;0;11
18/3/2017;NA;NA;NA;0;21,8;27;14,2;14,2;64;1004;10,2;0;11
19/3/2017;2,5;1,7;3,66;0;24,7;30,5;16,8;19,3;73;1002;NA;0;12
20/3/2017;2,5;1,7;3,66;0;23;26,5;19,5;20,2;68;1003;10;0;12
21/3/2017;2,52;1,69;3,67;0;27,8;32,5;20,2;19,2;61;1004;10,2;0;12
22/3/2017;2,52;1,67;3,68;0;25,7;30;21,2;20;72;1003;2,2;0;12
23/3/2017;2,51;1,64;3,68;21,3;27,1;32;23,7;20,9;71;1001;4,5;21,3;12
24/3/2017;2,52;1,62;3,69;0;28,2;32,5;22,1;22,3;71;998;7,9;0;12
25/3/2017;2,52;1,65;3,7;14,1;27,6;32,3;23;22,9;77;998;3,2;14,1;12
26/3/2017;2,54;1,66;3,7;1,5;22,9;26;22,2;21,5;92;997;0;1,5;13
27/3/2017;2,54;1,66;3,72;0;26,7;31;20;21,2;73;1000;9,5;0;13
28/3/2017;2,55;1,66;3,72;0;27,8;32;21,5;21,4;69;1002;9;0;13
29/3/2017;2,57;1,69;3,75;0;27,7;31,5;20,7;20,6;66;1000;10,2;0;13
30/3/2017;2,58;1,69;3,75;0;27,5;31,5;20,8;19,3;62;999;9,6;0;13
31/3/2017;2,6;1,7;3,75;0;26,9;31;20,8;19,1;64;1001;6,2;0;13
1/4/2017;2,6;1,72;3,76;0;27,1;30;20,4;17,4;56;1004;10;7,6;13
2/4/2017;2,62;1,72;3,77;0;24,8;30,1;18;17,2;65;998;NA;5,8;14
3/4/2017;2,63;1,75;3,74;5,1;22,8;25,5;21,4;19,5;82;998;0;0,6;14
4/4/2017;2,63;1,79;3,71;3,5;26,4;32,5;22,6;22,5;80;994;6,2;3,4;14
5/4/2017;2,64;1,8;3,7;22,6;23,7;27,5;23,4;22,5;93;995;0,2;0;14
6/4/2017;2,64;1,83;3,72;0;25,5;29;19,2;19,3;70;1000;9,7;3,6;14
7/4/2017;NA;NA;NA;0,6;26,8;32;18,8;21,9;75;995;8,8;7,3;14
8/4/2017;2,64;1,9;3,72;0;29,3;34;25,2;23,4;72;994;6,5;NA;14
9/4/2017;2,67;1,92;3,83;25,5;25,4;33,5;21,8;23,2;88;995;4,2;NA;15
10/4/2017;2,68;1,99;4,3;0;20,5;23,5;19,1;17,7;85;994;0;0,8;15
11/4/2017;2,7;1,91;4,5;0;21,1;25,5;18,1;16,4;75;1005;4,2;3,7;15
12/4/2017;2,72;1,99;4,59;0;21,9;27;16,4;15,3;68;1007;9,5;4,2;15
13/4/2017;2,73;1,98;4,65;0;21;27,5;14,4;NA;NA;NA;9,6;2,5;15
14/4/2017;2,74;1,92;4,67;0;23,5;29,5;17,5;NA;NA;NA;NA;5;15
15/4/2017;NA;NA;NA;37,5;28,9;33,5;22,4;23,9;76;999;NA;NA;15
16/4/2017;NA;NA;NA;0;23,3;26,5;18,9;21,1;88;1002;0,8;0,2;16
17/4/2017;NA;NA;NA;0;22,3;24,8;20,6;19,9;87;1001;0,2;1,7;16
18/4/2017;2,78;2,12;4,66;2,2;24,7;27,8;20;20,6;79;1000;1,6;1,7;16
19/4/2017;2,81;2,12;4,66;41,6;23,8;25,5;22,1;21,3;96;996;0;NA;16
20/4/2017;2,84;2,28;4,86;6,2;19;23,5;17,8;17,8;93;997;0,2;0,2;16
21/4/2017;2,84;2,42;5,02;1,2;19,7;23;17,7;18,1;91;1000;0,6;3,7;16
22/4/2017;2,82;2,55;5,08;0;20,9;26,5;15,2;16,4;78;1004;9,2;3;16
23/4/2017;2,81;2,68;5,18;0;22,4;27,5;16,8;17,7;76;1002;6,2;2,3;17
24/4/2017;2,81;2,7;5,21;0;25,7;30,5;18,5;20;72;999;5,5;3,3;17
25/4/2017;2,84;2,8;5,3;11,5;25,6;30,1;23,1;22,1;82;989;7;4,5;17
26/4/2017;2,85;2,9;5,52;0;18,5;22;14,9;10,3;71;1003;9,3;3,7;17
27/4/2017;2,85;3;5,64;0;17;22,5;9,2;8;57;1009;10,2;2,6;17
28/4/2017;2,85;3,05;5,76;0;18,2;24,5;8,1;9,1;58;1008;9,4;6,5;17
29/4/2017;2,86;3,1;5,9;0;19,5;26,5;8,4;10,9;62;1008;9,2;5;17
30/4/2017;NA;NA;NA;0;19,5;24;13;14,8;75;1007;3,3;1,5;18
1/5/2017;2,87;3,12;6,05;0;19,5;26,5;17,1;17,7;90;1006;6,3;0,3;18
2/5/2017;2,89;3,12;6,1;0;24,8;28,3;17,9;18,2;69;1001;7,5;2,9;18
3/5/2017;2,89;3,2;6,18;68,4;25,3;28;20,6;18,4;90;1001;NA;NA;18
4/5/2017;2,89;3,4;6,36;0,1;18,9;21,5;17,4;17,7;93;1001;NA;1,1;18
5/5/2017;2,9;3,42;6,37;0;20,5;26,5;15;17,1;84;1002;3,8;7;18
6/5/2017;2,9;3,45;6,4;0;24,1;29;15,4;20,4;81;999;9,5;6;18
7/5/2017;2,98;3,55;6,39;0;26,1;30,2;21,4;19,6;68;998;8,5;3,5;19
8/5/2017;2,99;3,58;6,39;15,1;23,8;29,5;22,1;19,2;76;997;6,3;2,4;19
9/5/2017;3,01;3,7;6,35;0;22,1;26,5;19,1;18,3;79;1002;4,2;1,2;19
10/5/2017;3,02;3,75;6,34;0;22,7;27,5;17,8;18,1;76;1003;7,3;1,1;19
11/5/2017;3,02;3,9;6,36;0;23,9;27;19;20,7;83;1000;0,8;0,6;19
12/5/2017;3,05;4;6,44;0;26,5;30,1;22,2;20,8;72;996;8,2;5;19
13/5/2017;3,04;4;6,44;42,1;24,5;25,5;23,5;NA;NA;NA;NA;NA;19
14/5/2017;3,04;4,15;6,45;0;18,9;21,9;15,9;16,1;84;1001;0,8;1,9;20
15/5/2017;3,1;4,24;6,5;0;19,8;22,5;17,1;0;0;NA;6;2;20
16/5/2017;3,1;4,29;6,59;0;19,7;24;13,8;14,7;74;1002;8;2,5;20
17/5/2017;3,17;4,3;6,65;10,4;21,9;24,8;17,2;19,1;84;998;1,7;0,8;20
18/5/2017;3,2;4,4;6,65;8,7;24,4;29;20;22,4;89;991;1,3;1,8;20
19/5/2017;3,25;4,44;6,67;0;22,5;24;20,9;16,8;90;995;0,6;5;20
20/5/2017;3,31;4,48;6,7;0;18,4;23,5;13,8;13,3;73;1000;8,5;4;20
21/5/2017;3,31;4,5;6,7;0;18,3;24,5;12,4;13,3;75;1003;8,9;2,1;21
22/5/2017;3,31;4,52;6,71;2;19,6;24;9,9;16;80;1002;6;0,5;21
23/5/2017;3,42;4,55;6,8;7,5;23,3;26,5;15,6;21,7;91;998;0,7;1,6;21
24/5/2017;3,52;4,6;6,89;0;27,2;30,5;21;23;78;998;4,2;3;21
25/5/2017;3,55;4,62;6,95;0;26,9;30,5;25,4;23,5;82;997;2;1,1;21
26/5/2017;3,7;4,6;7;1;27,5;30,4;24,6;20,6;86;1001;4,2;3,1;21
27/5/2017;3,73;4,63;7,03;0,8;18,6;19,9;17,2;16,2;96;1006;0;2,8;21
28/5/2017;3,75;4,65;7,06;1,5;15,8;17,5;14,8;14,2;90;1007;0,8;0,1;22
29/5/2017;3,77;4,7;7,12;3,1;16,2;17,1;15;15,3;95;1007;0;0,3;22
30/5/2017;3,78;4,72;7,14;5,2;16,6;17;16,1;15,8;98;1005;0;0,4;22
31/5/2017;3,8;4,73;7,17;2;14,5;17;14,2;13,4;93;1004;0;1,2;22
1/6/2017;3,82;4,75;7,22;0;13;14;11,6;11,3;89;1005;0;0,7;22
2/6/2017;3,86;4,78;7,22;0;14,1;15;12,1;12;87;1007;0;1,1;22
3/6/2017;3,92;4,8;7,25;0,4;18,4;22,5;11,4;14,7;80;999;2,7;1,1;22
4/6/2017;3,95;4,81;7,24;1,8;21,6;24,9;15,6;20,1;91;997;0;0,3;23
5/6/2017;3,95;4,83;7,26;1,4;20,2;22;18,4;17,3;96;1000;0;0,5;23
6/6/2017;3,97;4,86;7,26;1;17;19,5;15,8;16,3;95;1003;0;0,1;23
7/6/2017;3,99;4,88;7,29;48;17,6;20,5;16;17,1;97;995;0;NA;23
8/6/2017;4,02;4,9;7,35;2,5;16,6;18,5;14,6;13,6;92;1001;0,7;1,1;23
9/6/2017;4,04;5;7,4;0;10,7;17,5;8,1;6;73;1008;7,7;1,7;23
10/6/2017;4,04;5;7,4;0;12,7;20,5;4,9;8;78;1006;8,5;1,4;23
11/6/2017;4,07;5,05;7,41;0;14,6;23;6,4;10,2;79;1002;8,5;1,8;24
12/6/2017;4,07;5;7,42;0;16,3;24,5;8;11,1;76;1002;8,7;1,3;24
13/6/2017;4,12;5,02;7,46;0;20;24,5;10,6;17;84;1003;4,9;0,8;24
14/6/2017;4,13;5;7,45;0;19,6;21,5;15,9;18,1;92;1005;0;0,8;24
15/6/2017;4,14;5;7,45;0;23,2;27;18;18,3;74;1002;5,5;3,1;24
16/6/2017;4,16;5;7,45;0;25,2;29;19,4;16,8;60;997;8,7;5,5;24
17/6/2017;4,18;5;7,43;0;24,4;31;21,4;18,6;70;995;8,5;5,3;24
18/6/2017;4,2;4,95;7,46;0,5;22;25;19;10,9;68;1002;0;4,1;25
19/6/2017;4,2;4,98;7,4;0;12,5;15;10;4,6;67;1011;6,7;2,1;25
20/6/2017;4,22;4,98;7,4;0;11,8;18,5;5,1;6,8;75;1009;8,7;1,4;25
21/6/2017;4,24;4,95;7,39;0;17,5;23;6,8;14,7;85;1006;5,4;2,6;25
22/6/2017;4,25;4,93;7,35;0;23,4;28;12,6;15,9;64;1000;8,5;4,3;25
23/6/2017;4,27;4,9;7,32;0;24,4;29,5;20;14,7;56;1001;8,5;5,7;25
24/6/2017;4,27;4,88;7,29;0;25,1;28,5;20,4;16,2;58;1004;7,5;4;25
25/6/2017;4,28;4,85;7,23;0;23,4;28,5;18,3;14,5;59;1003;8,5;4,1;26
26/6/2017;4,29;4,8;7,18;0;24;28,2;19,3;12,8;50;1002;8,4;5;26
27/6/2017;4,31;4,77;7,12;0;24,2;29,5;18,3;14,6;57;1002;8,5;4,5;26
28/6/2017;4,33;4,75;7,08;0;23,5;29,4;19,4;17;69;1005;7,7;3,3;26
29/6/2017;4,35;4,7;7,04;0;22,7;28,7;16;17;73;1003;8;3,1;26
30/6/2017;4,36;4,68;6,98;0;18,9;19,7;18;16,1;88;1009;0;1,2;26
1/7/2017;4,36;4,65;6,94;0;16,2;18,4;15,1;13,6;85;1012;0;1,3;26
2/7/2017;4,36;4,63;6,88;0;16,9;21,8;11,2;13,2;80;1012;0;0,6;27
3/7/2017;4,36;4,61;6,81;0;18;21,6;13,5;11,7;67;1008;0,5;1,1;27
4/7/2017;4,35;4,46;6,76;0;19,7;24,5;14,8;10,6;56;1006;8,5;4,4;27
5/7/2017;4,38;4,4;6,74;0;21,2;24,9;16,9;11,7;55;1007;5,4;4,5;27
6/7/2017;4,36;4,38;6,69;0;22,3;27,5;18,2;12,5;55;1006;7,3;3,6;27
7/7/2017;4,35;4,3;6,65;0;22,7;28,6;19,2;13,6;59;1006;5,7;3,9;27
8/7/2017;4,35;4,26;6,55;0,2;22,3;28,2;15,6;14,6;63;1006;8,2;1,3;27
9/7/2017;4,34;4,2;6,45;0,8;21,3;25,6;15,6;16,4;75;1005;4,4;2,2;28
10/7/2017;4,34;4,17;6,41;0;23,4;29,5;17,4;16,7;68;1007;7,3;3;28
11/7/2017;4,38;4,12;6,32;0;23,7;30,5;18,2;17,2;69;1006;8,7;2,8;28
12/7/2017;4,4;4,08;6,25;0;23,4;30;15,5;14,7;61;1006;8,7;3,9;28
13/7/2017;4,41;4;6,18;0;22,6;29,5;18,4;13,5;56;1005;8,7;6,5;28
14/7/2017;4,43;4;6,1;0;25,9;31,3;16,4;14,9;51;1000;8,8;6,9;28
15/7/2017;4,44;3,9;6,05;0;26,5;31,5;22,2;12,5;42;994;7,7;10,3;28
16/7/2017;4,46;3,85;5,95;1,3;20,8;26;15,6;8,7;86;1005;0;9,2;29
17/7/2017;4,46;3,8;5,85;0;9,7;15;7,4;0,2;54;1019;4,9;1,5;29
18/7/2017;4,46;3,74;5,68;0;10,4;17;0,4;-2,7;42;1017;8,5;0,4;29
19/7/2017;4,47;3,69;5,58;0;13;19;0;2;50;1013;8,6;3,3;29
20/7/2017;4,47;3,73;5,5;0;17,5;23;2,8;5,3;46;1007;8,8;1,9;29
21/7/2017;4,48;3,69;5,41;0;17;24,5;5,2;7,4;59;1007;8,7;5;29
22/7/2017;4,48;3,65;5,31;0;23,5;29;7,6;11,6;49;1002;8,7;4,2;29
23/7/2017;4,49;3,6;5,2;0;25,9;32;15,2;10,4;38;998;8,8;9;30
24/7/2017;4,47;3,56;5,12;0;28,4;33,2;20,4;11,4;36;1002;8,8;5,5;30
25/7/2017;4,47;3,52;5,04;0;26,2;32,5;19,1;10,8;40;1005;7,9;5,2;30
26/7/2017;4,47;3,49;4,94;0;24;32;15,8;10,7;47;1006;7,9;4,8;30
27/7/2017;4,47;3,46;4,87;0;24;30,6;14,5;11,8;50;1005;NA;4,9;30
28/7/2017;4,47;3,4;4,84;0;23,5;30,5;17,3;10,3;46;1004;8,8;6;30
29/7/2017;4,47;3,35;4,73;0;24,2;31,2;18;11,7;48;1006;9;5,9;30
30/7/2017;4,47;3,35;4,67;0;25,1;31,9;20;14;53;1006;9;9;31
31/7/2017;4,46;3,35;4,58;0;24,5;30,5;20,2;15,1;58;1004;8,2;3;31
1/8/2017;4,46;3,34;4,48;0;25,8;30,5;19,2;11,4;42;999;4,2;4,3;31
2/8/2017;4,46;3,3;4,4;1,7;21;25;17;13,9;90;1003;0;0,1;31
3/8/2017;4,46;3,28;4,35;0;16,3;19;14;12,6;79;1007;3,2;1,5;31
4/8/2017;4,45;3,28;4,29;0;18,6;24,5;9,8;10,1;60;1009;9;2,5;31
5/8/2017;4,45;3,26;4,25;0;20,2;27;10,2;11,7;60;1004;9,2;3,6;31
6/8/2017;4,46;3,2;4,2;0;22,4;27;16,2;12,9;56;1002;9;4,3;32
7/8/2017;4,45;3,2;4,16;0;23,1;28,5;19,4;13,2;55;997;3,3;3,4;32
8/8/2017;4,45;3,19;4,11;0;27,9;33,5;17,2;15,4;47;998;8,8;4,9;32
9/8/2017;4,44;3,18;4,06;0;24,4;30,5;17,3;12;48;998;9;4,8;32
10/8/2017;4,44;3,18;3,99;0;28,9;36,2;20,4;16,9;51;993;7;7;32
11/8/2017;4,43;3,15;3,96;0;31,9;37;24,1;13,6;34;989;8;9;32
12/8/2017;NA;NA;NA;35,6;29,9;31,2;28,6;17,5;71;991;0,2;NA;32
13/8/2017;4,41;3,09;3,85;0;16,8;19;14,5;12,9;87;1001;2;NA;33
14/8/2017;4,41;3,23;3,82;0;18,1;22,6;9;10,6;64;1003;7,4;2;33
15/8/2017;4,4;3,26;3,8;0;18,9;26;14,2;14,5;76;1002;9,4;3;33
16/8/2017;4,42;3,25;3,76;0;22,4;27;17,9;14,1;62;1004;7;4,4;33
17/8/2017;4,42;3,23;3,85;0;23,4;28;13,3;13,5;55;1003;7,5;3,2;33
18/8/2017;4,43;3,24;3,85;0;22,2;25,8;17,6;18;77;997;5,3;1,1;33
19/8/2017;4,44;3,24;3,84;0,3;24,8;29;20,4;20,8;79;992;4,5;4;33
20/8/2017;4,45;3,26;3,83;0;16,5;25;13,6;3,2;44;1010;7,8;6;34
21/8/2017;4,4;3,26;3,87;0;16,2;21,6;8,1;2,3;40;1012;9,5;1,5;34
22/8/2017;4,4;3,24;3,88;0;20,1;25,5;8,4;10,6;56;1002;9,6;8;34
23/8/2017;4,39;3,2;3,87;0;27,3;32,5;16,2;16,3;52;996;9,2;7,5;34
24/8/2017;4,38;3,18;3,86;0;30,1;35,5;24;16,5;44;996;9,5;9;34
25/8/2017;4,38;3,2;3,89;0;29,5;35;24,7;13,6;39;997;8,5;9;34
26/8/2017;4,4;3,2;3,92;0;25,6;34,5;24,2;18;65;995;6,6;6;34
27/8/2017;4,4;3,22;3,95;1,3;26,5;32,5;21,8;17,9;61;996;6;3,6;35
28/8/2017;4,37;3,21;3,97;0;27,5;36;20,5;17,3;54;994;9,7;5,2;35
29/8/2017;4,32;3,21;3,96;0;30,6;36,8;21,6;15,2;42;996;9,5;8;35
30/8/2017;4,29;3,21;3,96;0;22,8;27,5;18;9,8;61;1006;7;5;35
31/8/2017;4,27;3,2;3,96;0;18,8;27;10,6;NA;NA;NA;9;3;35
1/9/2017;4,25;3,2;3,98;0;28,3;33,1;14,8;16,3;49;1001;9,3;6,3;35
2/9/2017;4,24;3,18;3,94;0;29,9;35,2;24,4;17;47;1005;9,5;9,2;35
3/9/2017;4,22;3,14;3,92;0;30,1;36;24,8;16,4;45;1002;8,2;8,3;36
4/9/2017;4,2;3,1;3,88;0,1;26,9;36,5;25,2;14;51;1001;8,8;6,3;36
5/9/2017;4,18;3,09;3,85;0,2;16,7;18,5;15,1;15;90;1007;NA;3,2;36
6/9/2017;4,16;3,07;3,75;0;22,9;30;15,3;16,2;69;1000;8,5;5,2;36
7/9/2017;4,13;3,05;3,7;0;28,3;35;18;12,1;40;999;7,5;5,3;36
8/9/2017;4,11;3,02;3,67;0;29,7;35;21,6;13,2;38;995;3,7;6,1;36
9/9/2017;4,09;3;3,63;0,7;30,9;36;26,5;14,7;39;993;7,2;7,9;36
10/9/2017;4,03;2,94;3,6;1,8;27,6;38,2;27;15,1;52;995;6,5;8,4;37
11/9/2017;4,04;2,92;3,57;0;19,4;24,5;14,8;12,3;65;1004;9;5;37
12/9/2017;NA;NA;NA;0;22,1;27,5;15,9;15,2;66;1003;6,5;4,2;37
13/9/2017;3,98;2,88;3,45;0;25;32,5;17,1;18,7;69;998;8,2;4,9;37
14/9/2017;3,98;2,87;3,4;9,8;18,6;24;18,5;15;80;1000;0,8;1,8;37
15/9/2017;3,98;2,86;3,36;9,3;17,3;20;17,3;15,9;91;1007;0;NA;37
16/9/2017;3,92;2,88;3,26;0,1;16,8;20,3;15,2;13,8;84;1010;1,4;NA;37
17/9/2017;3,88;2,88;3,23;0;19,2;25,5;14;13,7;72;1009;10,2;3,6;38
18/9/2017;3,87;2,87;3,21;0;21,6;27,5;13,4;14,2;66;1004;9,5;3,5;38
19/9/2017;3,8;2,86;3,2;0;28,1;35,5;15;17,2;54;1001;9,5;5,8;38
20/9/2017;3,77;2,83;3,22;0;31,1;37;18,8;15;41;999;9,8;8;38
21/9/2017;3,73;2,8;3,2;0;28,6;36;21,2;14,1;45;1001;6,8;6,8;38
22/9/2017;3,69;2,79;3,2;0;18,5;21;17,6;16,2;87;1003;0,2;1,8;38
23/9/2017;3,64;2,79;3,16;1,9;18,1;20,2;16,4;15,6;86;1005;0;0,5;38
24/9/2017;3,58;2,77;3,19;0;23;28,9;16,4;18,5;78;1001;3,2;2,8;39
25/9/2017;3,54;2,74;3,22;0;28,2;32,5;18,7;18,1;55;1002;7,3;4,7;39
26/9/2017;3,5;2,7;3,24;0;28,2;34,5;19,2;16,5;52;999;9,9;6,3;39
27/9/2017;3,44;2,68;3,17;0,2;28;33,5;20,9;16,4;52;999;4,3;5,8;39
28/9/2017;3,4;2,67;3,16;2,4;21,1;25;20,2;18;83;1002;0,8;1,5;39
29/9/2017;3,32;2,65;3,17;0;22,9;26,2;19,2;19,3;81;1000;2,2;3;39
30/9/2017;3,32;2,61;3,21;0;26,3;30,5;18,6;19;65;991;7,8;4;39
1/10/2017;3,24;2,59;3,2;7,7;22,6;32;21,2;17,8;75;984;2,2;5,5;40
2/10/2017;3,24;2,56;3,2;0;18,6;25;15,2;8,8;57;997;9,7;5;40
3/10/2017;3,16;2,56;3,15;0;22;29,5;11,4;8,6;47;1004;10,3;5,4;40
4/10/2017;3,13;2,53;3,15;0;24,5;30;12,4;8,6;38;1000;10,5;8,7;40
5/10/2017;3,04;2,5;3,09;0;29,7;35,5;20,1;14,4;40;991;7,7;7,5;40
6/10/2017;3;2,47;3,06;37;30,1;37,2;24,4;20,9;62;995;8,4;NA;40
7/10/2017;3;2,51;3;5,4;22,5;27;19,4;19,7;84;999;1;0;40
8/10/2017;2,95;2,46;2,97;44,1;27,3;31,9;21,4;21,1;70;994;8,7;NA;41
9/10/2017;2,91;2,5;2,97;8,8;23,9;26,8;21,6;21,3;86;995;3;0,8;41
10/10/2017;2,83;2,54;3,11;0;28,1;33;21,3;23,3;76;992;7;4,5;41
11/10/2017;2,75;2,58;3,19;0;31,8;37,8;23,2;22,4;59;992;9,3;5,2;41
12/10/2017;2,68;2,59;3,25;4;24,7;29,5;24;22;86;995;4;5,1;41
13/10/2017;2,64;2,56;3,29;5;19,8;23,5;16;14,9;93;1005;0;1,6;41
14/10/2017;2,59;2,57;3,33;0;17,5;21,2;15,4;13,5;78;1006;1;0,9;41
15/10/2017;2,55;2,57;3,48;0;21,5;25,5;12,8;13;61;1004;8,7;3;42
16/10/2017;2,51;2,53;3,58;0;28,7;33,8;17,2;19,6;59;999;9,6;7,5;42
17/10/2017;2,46;2,49;3,64;0;30,2;34,5;24,4;20,3;56;996;7,2;8,8;42
18/10/2017;2,42;2,42;3,67;0,4;30,1;37,5;27,9;21,1;59;995;10,2;9;42
19/10/2017;2,36;2,38;3,65;1,4;22,4;30;21,6;17,5;75;1001;1;2,7;42
20/10/2017;2,34;2,32;3,58;0;25,5;29,5;19,1;19,3;69;996;5,2;3,7;42
21/10/2017;2,32;2,28;3,55;17,5;26,5;32,8;23,2;21,5;76;997;5,4;5,6;42
22/10/2017;2,29;2,24;3,5;0;19,9;24;17,8;9,7;56;1005;9,9;6,9;43
23/10/2017;2,34;2,2;3,51;0;21,2;27,5;12,2;8,2;46;1002;11,2;5;43
24/10/2017;2,32;2,12;3,5;0;28,1;32,5;16,9;19,2;59;998;10;5,5;43
25/10/2017;2,3;2,06;3,6;78,8;23,3;27,5;24,9;18;72;997;0,6;NA;43
26/10/2017;2,35;2,04;3,66;24,9;19,5;21,5;18,9;18,2;92;996;0,6;NA;43
27/10/2017;2,33;2,09;3,7;9,5;20;26,5;18,1;17,4;86;995;6,2;0,5;43
28/10/2017;2,38;2,35;3,75;0,1;22,9;27,4;16,2;15,2;64;995;11;5;43
29/10/2017;2,38;2,38;3,82;0,5;27,9;32,5;19,2;22,1;72;1001;4,2;3;44
30/10/2017;2,32;2,4;3,86;0;24,4;29;21,6;20,4;79;995;4,7;3,8;44
31/10/2017;2,24;2,49;3,9;0;25,2;29,5;20;14,8;53;1001;11,2;7,9;44
1/11/2017;2,18;2,54;3,97;0;23,7;31,5;14,4;13,3;54;999;11,5;6,9;44
2/11/2017;2,16;2,57;4,05;1;28,3;33,5;23,1;18,8;57;995;11,4;4;44
3/11/2017;2,14;2,5;4,09;40;21,9;28;19,3;17,5;77;995;5,2;NA;44
4/11/2017;2,11;2,5;4,29;18,3;20,3;22,8;19,2;17,9;86;997;1;3,2;44
5/11/2017;2,1;2,55;4,4;0;25,2;29;18,8;18,4;66;1000;10,5;5;45
6/11/2017;2,08;2,54;4,54;0;27,9;31;17,9;15,1;46;1000;9,8;5,2;45
7/11/2017;2,07;2,5;4,65;0;26,8;29;21,6;23,4;82;996;2,2;3,3;45
8/11/2017;2,05;2,49;4,75;0;26,8;31;22,4;21,2;73;995;6;4,3;45
9/11/2017;2,04;2,47;4,85;4,9;28,5;32;23,3;21,5;67;996;8;6,4;45
10/11/2017;2,01;2,46;4,93;0;21,1;26,5;17,6;15,9;74;998;5,5;3,5;45
11/11/2017;2;2,49;4,94;0;25,1;30,5;16,4;14,3;53;999;11,2;6,4;45
12/11/2017;1,98;2,53;4,96;0;25,7;30,5;15,4;13,6;48;998;11,5;5,9;46
13/11/2017;1,98;2,55;5,02;0;25,5;32;14,2;12,5;48;999;11,3;6,9;46
14/11/2017;1,98;2,57;5,06;0;27,3;33,5;14,8;14,1;48;996;11,4;7,5;46
15/11/2017;1,97;2,57;5,04;0;30,6;35,6;19,8;16,9;47;993;11,3;8,9;46
16/11/2017;1,97;2,58;5,06;4,5;26,5;33;24,4;19,9;68;995;5,8;5,2;46
17/11/2017;1,97;2,59;5,02;0;23,6;27,5;19,1;20,8;84;991;1,5;3;46
18/11/2017;1,95;2,65;5;0;24,5;28,8;22;13,6;51;995;10,7;6;46
19/11/2017;1,92;2,68;4,96;0;24,1;29,9;15,8;7,6;36;998;11,3;5;47
20/11/2017;1,9;2,69;4,93;0;28;32,3;13,7;14,9;45;996;11,3;6,8;47
21/11/2017;1,88;2,63;4,89;0;25,6;29,7;20,6;18,4;65;996;NA;4,9;47
22/11/2017;1,87;2,59;4,88;0;21,8;28;16;13,6;62;1001;9,3;7,9;47
23/11/2017;1,87;2,52;4,88;0;25,1;31;13,1;11,8;46;997;11,2;7,6;47
24/11/2017;1,86;2,46;4,88;33;30,4;35,5;16,6;17,9;49;997;11,5;NA;47
25/11/2017;1,85;2,4;4,84;22,2;19,5;28,5;21,6;18,4;93;997;0;3,9;47
26/11/2017;1,85;2,5;4,82;0;23,6;28,5;17,4;16,5;66;1000;11;5;48
27/11/2017;1,84;2,5;4,8;0;25,5;30,5;17;16,1;57;1000;11,5;7,7;48
28/11/2017;1,84;2,49;4,78;0;26,7;33,5;18,8;17,1;56;1000;11,8;7,5;48
29/11/2017;1,84;2,49;4,74;76,2;29,7;34,6;19,5;21,2;62;995;6,3;NA;48
30/11/2017;1,83;2,56;4,71;0,1;26,5;30,5;21,8;22,9;81;993;6,2;3,8;48
1/12/2017;1,81;2,61;4,69;0;28,6;31,1;21,1;18,9;56;994;NA;8;48
2/12/2017;1,8;2,63;4,69;0;29,1;31,5;22,6;21,4;64;994;11,7;5,5;48
3/12/2017;1,82;2,65;4,67;37,2;28,9;33,5;21,3;21,9;69;994;7,4;NA;49
4/12/2017;1,82;2,76;4,7;0;28;32;22,9;21,4;68;997;8,2;7;49
5/12/2017;1,83;2,82;4,67;0;28,8;32,5;21,9;21;63;998;11,6;6,1;49
6/12/2017;1,85;2,91;4,65;0,7;28,5;31,5;24;22,4;70;995;1,8;4;49
7/12/2017;1,87;3,03;4,6;0;29,9;34,2;24,7;22,5;66;993;10,5;7,6;49
8/12/2017;2,02;3,15;4,64;0;29,9;35,2;23,2;17,9;49;994;11,3;8;49
9/12/2017;2,16;3,25;4,6;0;29,2;34;21,5;19,6;58;994;5;6,2;49
10/12/2017;2,26;3,32;4,65;0;31;35,5;21,4;19,3;52;994;11,7;7;50
11/12/2017;2,3;3,38;4,68;0;30,1;34,3;22;16;44;995;11,7;8,9;50
12/12/2017;2,34;3,42;4,69;0;29,3;34;20;15,3;44;996;11,7;7;50
13/12/2017;2,38;3,44;4,7;0;31,9;36,5;21,6;21;54;996;11,8;8;50
14/12/2017;2,38;3,44;4,71;0;32,7;38;25,5;21,6;53;998;8,8;7,6;50
15/12/2017;2,42;3,42;4,8;0;30,2;37,3;25,4;23,9;69;996;7;6,4;50
16/12/2017;2,44;3,4;4,82;0;NA;38,5;25,6;NA;NA;NA;11,7;6,7;50
17/12/2017;2,44;3,36;4,8;3,7;29,5;37;26,8;22,5;66;997;4,5;6,1;51
18/12/2017;2,49;3,35;4,8;0;28,1;31,3;22;22,2;71;1001;9,5;5,6;51
19/12/2017;2,48;3,29;4,75;26,2;31,4;35,8;24;23,6;64;998;8,3;NA;51
20/12/2017;2,48;3,27;4,77;0,1;24;33;22,6;22,1;90;996;NA;NA;51
21/12/2017;2,5;3,3;4,77;15,1;28,4;34;22,8;23,5;77;993;7,5;6,1;51
22/12/2017;2,5;3,28;4,75;29,2;25,4;28,3;23,9;23,2;88;994;0,3;NA;51
23/12/2017;2,54;3,3;4,68;7,5;25,7;28;24,2;23,7;89;992;0,5;NA;51
24/12/2017;2,55;3,37;4,63;0;24,9;29;21,4;20,6;77;996;3,2;3,5;52
25/12/2017;2,63;3,38;4,58;0;27,6;31;19,6;18,3;58;996;11,6;3,4;52
26/12/2017;2,72;3,39;4,55;9,7;27;30;22,7;23,7;82;995;7,2;3,4;52
27/12/2017;2,78;3,41;4,56;1,6;26,5;32;24,4;23,3;83;997;4,3;3;52
28/12/2017;2,85;3,47;4,56;0;28,1;33;23;23,1;75;995;7,8;5,5;52
29/12/2017;2,94;3,52;4,58;0;28,4;31;24;23,1;74;995;11;6,1;52
30/12/2017;2,99;3,58;4,6;0;29,7;34,1;23,4;23,3;69;993;9,3;5,5;52
31/12/2017;3,05;3,66;4,68;2,5;29,1;34,4;23,8;NA;NA;NA;9,7;6,5;52
1/1/2018;3,05;3,72;4,72;22,7;24,1;36;26,5;20,5;93;993;NA;NA;1
2/1/2018;3,06;3,87;4,84;0;24,9;29;21,4;17,8;77;993;3,9;3,9;1
3/1/2018;3,06;3,97;4,89;0;27,9;32,5;20;18,9;55;998;10,3;10,3;1
4/1/2018;3,16;4,1;4,95;0;28,5;31,5;18,4;20,9;57;998;7,7;7,7;1
5/1/2018;2,84;4,12;6,25;0;30,2;34;20,2;21,7;59;996;6,8;6,8;1
6/1/2018;3,36;4,3;5,14;0;28,8;34;25;NA;66;998;8,2;8,2;1
7/1/2018;3,42;4,4;5,2;0;NA;34,2;21;21,2;NA;NA;5,2;5,2;1
8/1/2018;3,42;4,52;5,26;0;29,5;33,5;19,8;21;61;1001;6,8;6,8;2
9/1/2018;3,31;4,64;5,33;0;28,6;32,5;23,4;22,4;64;1002;8,2;8,2;2
10/1/2018;3,56;4,7;5,4;2,5;26,7;31;23,8;23,4;78;1002;2,5;2,5;2
11/1/2018;3,6;4,84;5,49;2,2;27,6;31;23;24;78;1002;1,6;1,6;2
12/1/2018;3,63;4,94;5,55;0;27,7;31,5;23,8;24,7;81;996;4,5;4,5;2
13/1/2018;3,68;5,02;5,58;110;28,8;32,5;25,5;NA;80;992;NA;NA;2
14/1/2018;3,71;5,28;5,68;1,7;25,9;28,5;23,2;22,2;NA;NA;0;0;2
15/1/2018;3,73;5,38;5,76;0;24,9;28;23,1;22,4;85;997;4,4;4,4;3
16/1/2018;3,77;5,48;5,88;0;27,1;31;20,8;23,4;76;999;3,4;3,4;3
17/1/2018;3,8;5,52;5,98;0;30,1;34,5;24,8;23,1;69;999;6,6;6,6;3
18/1/2018;3,84;5,56;6,15;0;26,5;28,5;25,6;22,6;82;999;3,7;3,7;3
19/1/2018;3,87;5,59;6,27;10,7;26,3;29,5;24,8;23,5;81;1000;NA;NA;3
20/1/2018;3,87;5,63;6,38;0,8;28;33;24,4;24,2;78;997;5,4;5,4;3
21/1/2018;3,88;5,68;6,6;5,8;27,8;33,5;24;23,5;81;994;6,2;6,2;3
22/1/2018;3,87;5,7;6,79;0;31;36;24,4;23,8;66;991;8,5;8,5;4
23/1/2018;3,87;5,72;6,95;0;32,1;36,5;27;22,6;62;992;8,3;8,3;4
24/1/2018;3,86;5,72;7,05;10,3;30;32,5;27,4;23,3;75;995;NA;NA;4
25/1/2018;3,86;5,74;7,18;0;28,5;32,5;23,2;24,2;74;997;5;5;4
26/1/2018;3,84;5,75;7,3;7,2;27,6;33;24,8;24,2;82;995;0;0;4
27/1/2018;3,87;5,77;7,36;0;28,6;33,5;25;23,6;78;994;4;4;4
28/1/2018;3,87;5,78;7,4;31,5;27,9;33;25,8;24,2;79;993;NA;NA;4
29/1/2018;3,88;5,84;7,5;4,8;28,8;33;23,4;22,9;77;992;3,8;3,8;5
30/1/2018;3,9;5,84;7,55;0;29,8;34;23,8;25,2;67;991;6;6;5
31/1/2018;3,9;5,85;7,58;0,4;29,5;33,5;25,4;22,7;78;994;3,4;3,4;5
1/2/2018;3,92;5,84;7,61;0;30,2;33,5;24,8;21,4;60;995;7,7;6;5
2/2/2018;3,92;5,84;7,63;0;30,6;34,5;24,9;20,8;56;995;9,7;6,5;5
3/2/2018;3,98;5,82;7,65;0;29,2;33,5;21,2;15,9;47;995;11,3;6;5
4/2/2018;3,98;5,8;7,66;0;29,9;34,5;22,4;17,9;50;996;11,4;6,4;5
5/2/2018;3,98;5,76;7,66;0;29,5;34,5;21,6;20,4;59;995;9,5;5,7;6
6/2/2018;3,96;5,74;7,65;0;30,7;36;23;20,4;57;993;8,3;6,2;6
7/2/2018;4,02;5,7;7,62;0;31;35;22,4;19,7;52;995;NA;5,7;6
8/2/2018;2,02;5,67;3,91;0;31,1;35,5;23,4;21;57;994;NA;6,2;6
9/2/2018;4,05;5,63;7,62;0;31,1;36,5;24,4;23,4;65;993;NA;7,5;6
10/2/2018;4,07;5,57;7,6;43,2;27,8;34,5;26,5;22,8;76;995;NA;NA;6
11/2/2018;4,07;5,52;7,58;0;27;29,5;23,5;23,3;81;996;NA;2,8;6
12/2/2018;4,1;5,49;7,56;0;22,8;27,5;19,9;17,4;72;999;NA;4,7;7
13/2/2018;4,1;5,4;7,52;0;25,2;30,5;17,2;15,5;57;1002;11,2;6,3;7
14/2/2018;4,12;5,36;7,5;0;27,3;32;18,9;20,2;66;1004;NA;4,9;7
15/2/2018;4,14;5,28;7,47;0;28,9;33,5;22;20,5;61;1002;10;7,5;7
16/2/2018;4,14;5,18;7,43;1,4;28,2;33,5;23,8;22;71;1001;8;6,4;7
17/2/2018;4,14;5,18;7,37;0;28,2;31,5;22,8;20,4;64;999;7,5;5,9;7
18/2/2018;4,16;5,1;7,33;51,1;23,4;26,9;19,4;21,1;87;994;0;NA;7
19/2/2018;4,2;5,08;7,29;9,7;21,3;23;20,4;20,9;98;993;0,2;NA;8
20/2/2018;4,23;5,1;7,25;0;27,4;32,5;20,2;21,3;71;993;11,2;5,2;8
21/2/2018;4,24;5,08;7,21;0;28,3;32,6;21,6;21,3;67;998;10,8;6,7;8
22/2/2018;4,25;5,06;7,17;0;25,9;30,9;18,6;15,2;54;1001;11,2;7,4;8
23/2/2018;4,25;5,04;7,12;0;24,7;30;18,4;17,6;65;1000;11,2;5;8
24/2/2018;4,27;5;7,06;0;28,7;33,5;19,4;18,1;54;999;10,5;8,4;8
25/2/2018;4,27;4,99;7,01;0;26,8;33;20,5;NA;NA;NA;NA;8,3;8
26/2/2018;4,27;5;6,95;0;NA;NA;NA;NA;NA;NA;9;NA;9
27/2/2018;4,27;5;6,91;2,7;27,8;33,5;23;21,9;72;994;7,5;NA;9
28/2/2018;4,34;5;6,86;1,9;25,9;29;22,8;22,7;83;997;2,8;2,3;9
1/3/2018;4,35;5,01;6,82;7;25,3;26,5;22,8;23,3;89;1000;0,5;1;9
2/3/2018;4,5;5,03;6,8;0;27,1;30,5;22,2;24,1;84;1000;5,2;2,8;9
3/3/2018;4,35;5,06;6,78;55;25,9;31,5;24,4;23,2;85;998;5,2;NA;9
4/3/2018;4,42;5,15;6,78;7,6;22,6;25,5;21,6;21,6;94;998;0,5;NA;9
5/3/2018;4,42;5,2;6,75;21;24;29;20,3;22,3;90;996;4;2,3;10
6/3/2018;4,44;5,26;6,72;0;26,4;31;22,6;22,3;79;998;2,8;5,5;10
7/3/2018;4,46;5,3;6,7;0;25,2;30,5;19,4;16;58;999;10,4;5,6;10
8/3/2018;4,46;5,3;6,69;0;26,5;31,5;17,5;17,8;61;997;9,5;4,1;10
9/3/2018;4,48;5,34;6,69;0;24,9;31,9;20,4;19,9;74;997;4,7;2,7;10
10/3/2018;4,48;5,38;6,69;0;28,9;34,9;21,6;23;72;994;10,2;4,5;10
11/3/2018;4,54;5,4;6,72;0;29,5;33,8;24,2;24;73;994;8;5,5;10
12/3/2018;4,54;5,45;6,72;0;29,4;34;22,6;22,3;66;994;10,2;NA;11
13/3/2018;4,57;5,48;6,74;4,3;29,7;33,5;24,2;24,6;74;994;4,6;NA;11
14/3/2018;4,59;5,5;6,75;0;31,2;36;26;25;71;993;6,2;NA;11
15/3/2018;4,59;5,52;6,77;0,3;30,8;34,9;26,6;22,2;79;997;4,4;NA;11
16/3/2018;4,58;5,54;6,79;0;27,5;34;21,5;23,1;77;997;8,5;4;11
17/3/2018;4,58;5,54;6,79;0;32;36,2;25,4;24,9;68;993;9,9;NA;11
18/3/2018;4,58;5,55;6,83;0,3;31,8;36,8;26,8;NA;NA;NA;10;NA;11
19/3/2018;4,59;5,55;6,83;0;22,9;26,2;22,1;18,7;78;996;0,7;5,5;12
20/3/2018;4,59;5,55;6,83;9,8;24,3;30,5;19,2;20,3;80;999;4,8;4,2;12
21/3/2018;4,6;5,57;6,87;1,7;22;25,5;19,2;17,7;78;1000;0;1,2;12
22/3/2018;4,6;5,56;6,87;0;27,3;33;20,2;21,8;73;995;9,2;5,3;12
23/3/2018;4,59;5,55;6,86;0;28,6;34,5;24,3;24,4;78;996;10,2;5;12
24/3/2018;4,58;5,54;6,86;30;30,7;34,8;26;23,9;68;993;9,7;NA;12
25/3/2018;4,58;5,54;6,88;0;21;23;19;13,2;71;1003;4,2;6,7;12
26/3/2018;4,58;5,53;6,88;0;19,9;25;12,5;13;67;1003;8,4;3;13
27/3/2018;4,67;5,52;6,87;0;20,8;24;16,6;17,8;84;1002;0,7;2;13
28/3/2018;4,67;5,5;6,88;0;23,7;27,5;19,2;20,2;81;1002;1,3;2,4;13
29/3/2018;4,67;5,5;6,86;0;26,3;30,5;20,8;22,2;80;1001;3;2,6;13
30/3/2018;4,66;5,49;6,86;1,6;24,7;29;22,2;22,5;87;998;1,2;4,3;13
31/3/2018;4,66;5,46;6,85;59,2;24,7;29,5;22;21,6;83;996;3,4;NA;13
1/4/2018;4,66;5,48;6,85;0;23,2;27,5;20;20,9;87;996;4,2;3,9;13
2/4/2018;4,66;5,44;6,86;0;25,1;30;18,8;19,6;73;999;9,3;4,6;14
3/4/2018;4,67;5,42;6,88;0;25,1;30,5;19,4;19,7;74;998;10;3,7;14
4/4/2018;4,67;5,41;6,86;0;26,4;31;20,1;19,4;66;998;NA;4;14
5/4/2018;4,72;5,4;6,87;0;26;32,5;19;19,6;68;999;NA;4;14
6/4/2018;4,73;5,39;6,85;0;23,5;32,5;18,2;19;77;999;NA;3,4;14
7/4/2018;4,73;5,38;6,8;0;27,2;33,8;18,6;20,5;67;998;NA;6;14
8/4/2018;4,74;5,37;6,79;0;28;34;19,8;18,5;59;1000;NA;6,5;14
9/4/2018;4,75;5,36;6,78;0;26,8;32,5;18,4;18,1;62;1000;NA;5;15
10/4/2018;4,75;5,38;6,77;0;29,2;34,5;20;21,4;64;997;NA;5,6;15
11/4/2018;4,75;5,36;6,75;0;30;35;25;21,6;63;996;NA;5,7;15
12/4/2018;4,75;5,34;6,69;0;29,9;35,5;22,8;21,8;64;1001;NA;5;15
13/4/2018;4,75;5,3;6,65;0;24;28,5;21,4;20,7;83;1005;5,7;5;15
14/4/2018;4,76;5,34;6,6;0;25,7;29,5;21,6;21,3;77;1007;8;3,8;15
15/4/2018;4,76;5,37;6,58;0;25,4;30,5;20;19,7;72;1008;8,7;3;15
16/4/2018;4,76;5,3;6,58;0;25,9;30,5;19,2;20;71;1006;9,7;4,7;16
17/4/2018;4,78;5,3;6,57;0;25,9;30;20,6;18,2;64;1006;9,7;5,7;16
18/4/2018;4,78;5,29;6,53;0;27,3;32,5;20,4;19,8;65;1005;9,7;4,3;16
19/4/2018;4,78;5,27;6,51;0;27,3;33;21,7;20,6;68;1002;9;4,5;16
20/4/2018;4,78;5,26;6,5;0;28,5;33,5;21,9;21,3;66;1001;9,3;4;16
21/4/2018;4,8;5,2;6,48;0;28,5;33,8;21,8;22,6;71;1001;9,5;3;16
22/4/2018;4,8;5,18;6,47;0;30;34;21,3;21;61;999;9,5;3,5;16
23/4/2018;4,8;5,16;6,38;0;27,2;34,5;21,1;19,3;63;1001;8,6;5;17
24/4/2018;4,8;5,1;6,33;0;28,2;34,5;21;20,4;65;1003;8,8;4,9;17
25/4/2018;4,8;5,07;6,29;0;28,6;34;20,8;19,5;60;1004;9,7;5,6;17
26/4/2018;4,81;5,04;6,23;0;27;33;19,8;18,8;64;1001;8,6;5;17
27/4/2018;4,81;4,94;6,18;0;28,2;34;20,8;18,8;59;1001;8;4,8;17
28/4/2018;NA;NA;NA;0;28;32,6;22,4;21,3;68;1002;5;4;17
29/4/2018;4,81;4,85;6,08;0;28,8;35;21;19,5;60;1000;9,1;5;17
30/4/2018;4,82;4,8;6,04;0;26;36;20,7;21;74;1002;8;4,3;18
1/5/2018;4,82;4,7;6;0;29,7;35,5;20;19,5;56;1001;9,1;6,4;18
2/5/2018;4,81;4,7;5,98;0;29,4;35,5;20;18,3;53;1000;7,7;5,6;18
3/5/2018;4,81;4,64;5,95;0;29;35;20,1;18,2;55;999;8,7;5;18
4/5/2018;4,81;4,59;5,9;35;29,3;35;19,6;17,5;51;999;9;0;18
5/5/2018;4,8;4,59;5,88;2,8;22,1;27;20,2;19,6;86;1003;2,1;0,5;18
6/5/2018;4,8;4,52;5,88;0;24,6;28,9;20,8;20,7;80;1005;5,6;3,8;18
7/5/2018;4,83;4,49;5,82;0;26,3;32;22;20,1;70;1003;5,7;4;19
8/5/2018;4,83;4,46;5,76;0;26,6;30,5;22,1;19,1;64;1001;5;3,3;19
9/5/2018;4,85;4,38;5,76;0;27;31,8;23;19,7;66;1000;6;4,3;19
10/5/2018;4,85;NA;NA;31,2;28,4;32,3;23;18,5;56;997;7,7;0;19
11/5/2018;4,86;4,36;5,69;0;17,4;23,2;17;16;92;1004;7,2;2,3;19
12/5/2018;4,87;4,34;5,62;0;20,8;25,5;13,4;16,3;76;1005;8,9;3,5;19
13/5/2018;4,88;4,32;5,54;0;21,1;26;13;14,6;69;1002;8,9;NA;19
14/5/2018;4,89;4,3;5,51;0;24,1;29,8;13,6;17,6;69;997;8,3;3,5;20
15/5/2018;4,89;4,28;5,49;6;20,1;27,5;18,2;17,9;87;1000;1,7;2,5;20
16/5/2018;4,89;4,26;5,62;0;21,8;27,5;18,4;18,6;83;1003;3;1,7;20
17/5/2018;4,91;4,24;5,59;0;22,1;28,3;16,4;18,4;80;999;7,4;2,3;20
18/5/2018;4,92;4,22;5,56;60;20,8;25,5;18,9;18,9;90;997;0,2;0;20
19/5/2018;4,92;4,21;5,61;0;15,6;19,5;13,8;12,8;83;1008;8,2;1,3;20
20/5/2018;4,94;4,3;5,6;0;15,6;21;10;12,6;83;1006;8,7;3,4;20
21/5/2018;4,94;4,32;5,59;0;17,2;23;9;10,3;66;1005;8,3;1,9;21
22/5/2018;5,01;4,38;5,56;0;17,2;21,5;9,7;10,3;66;1008;8,7;2,5;21
23/5/2018;5,01;4,4;5,56;0;16,8;21,5;9,6;8,4;60;1009;8,7;2,4;21
24/5/2018;5,01;4,4;5,56;0;16,9;23;9,2;9,4;66;1009;8,4;2;21
25/5/2018;5,01;4,34;5,52;0;17,2;27,5;10,6;14,4;84;1007;8,7;2;21
26/5/2018;5,02;4,39;5,5;0;23,1;29,2;14,2;16,3;68;1003;8,5;1,9;21
27/5/2018;5,02;4,36;5,48;0;25,4;30,6;18,6;17;62;1004;8,5;3,7;21
28/5/2018;5,04;4,37;5,44;0;24,4;30;17,6;13,8;53;1003;8,3;4,7;22
29/5/2018;5,04;4,37;5,41;0;25,5;29,6;18,1;12,6;46;1002;8,3;4,7;22
30/5/2018;5,05;4,37;5,37;6,7;24,7;30;19;16,3;61;1000;5,9;3,2;22
31/5/2018;5,05;4,38;5,35;23,7;19,7;23,5;20;18,7;94;998;0;NA;22
1/6/2018;5,11;4,42;5,42;1,2;13,6;18,5;14;12,9;95;1003;0;0,1;22
2/6/2018;5,11;4,44;5,45;0;11,9;13,5;12;9,5;85;1010;0;0,8;22
3/6/2018;5,14;4,45;5,44;0;12,3;16;8;7,1;72;1014;3,2;2,4;22
4/6/2018;5,16;4,48;5,41;0;12,6;13,5;11,9;10,4;87;1011;0;0,8;23
5/6/2018;5,16;4,46;5,4;0;12,5;16,5;12;9,2;82;1008;1,2;1,6;23
6/6/2018;5,16;4,47;5,39;0;13,5;16,5;8,1;9,5;78;1003;0;1,2;23
7/6/2018;5,16;4,48;5,37;0;13,5;18,5;12;8;72;1009;5,7;2,6;23
8/6/2018;5,16;4,47;5,34;0;14,7;20,5;5,4;8,5;70;1005;8,5;2;23
9/6/2018;NA;NA;NA;0;22,4;25,5;10,8;15,6;66;996;7;2,3;23
10/6/2018;5,19;4,5;5,32;0;27,3;30,5;16;20,3;67;990;6,2;3,1;23
11/6/2018;5,19;4,5;5,32;0;25,5;28;23;NA;NA;NA;0,6;3,1;24
12/6/2018;5,19;4,5;5,34;0;17,3;20;NA;12,7;75;1003;1,4;2,2;24
13/6/2018;5,21;4,51;5,3;0;11,4;15,5;8;5,6;70;1013;8,4;4,1;24
14/6/2018;5,21;4,52;5,29;0;11;13,5;6;6,1;72;1014;0;1,5;24
15/6/2018;5,21;4,52;5,27;0;9,7;12,5;7,1;6,2;79;1017;0;2,5;24
16/6/2018;5,21;4,54;5,26;0;12,7;18,1;4;3,1;57;1015;8,1;2;24
17/6/2018;5,21;4,52;5,25;0;14;18,5;3,9;2,2;47;1015;7,9;2,3;24
18/6/2018;5,22;4,52;5,24;0;15,3;24,5;8,5;5,8;60;1012;8,1;2,5;25
19/6/2018;5,22;4,51;5,22;0;21,1;27,5;9,8;14,6;69;1007;7,7;3,2;25
20/6/2018;5,23;4,5;5,2;0;22,4;29;13,5;16,1;70;1005;8;3,1;25
21/6/2018;5,24;4,49;5,18;0;23,2;30;15;16,8;70;1004;NA;3,4;25
22/6/2018;5,24;4,48;5,16;0;21,4;30,5;16,7;17,3;77;1000;8;4;25
23/6/2018;NA;NA;NA;1,3;26,6;31;18,2;16,9;58;997;7,9;3,6;25
24/6/2018;5,25;4,4;5,1;0,2;12,9;21;12,5;11,4;91;1003;0;2,2;25
25/6/2018;5,25;4,38;5,08;0;13;15;12;11,5;91;1005;0;1,1;26
26/6/2018;5,25;4,39;5,08;0,9;14,9;17,5;10,6;14;94;1003;0;1,3;26
27/6/2018;5,26;4,38;5,04;2;21,2;27;13,1;17,9;83;1000;6,7;2,1;26
28/6/2018;5,26;4,36;5,02;0,3;21,7;25;16,4;15,9;70;1000;5,7;2,6;26
29/6/2018;5,26;4,32;5;22;22,1;29,5;18,6;17;76;1000;5;NA;26
30/6/2018;5,26;4,36;4,98;0;24,2;28,5;14,8;18,7;73;998;8,2;4,6;26
1/7/2018;5,26;4,35;4,98;0;24,6;30,5;19;18,6;71;993;6,2;4,1;26
2/7/2018;5,26;4,32;4,97;0,6;24,9;30;18,8;18;67;993;4,2;3,2;27
3/7/2018;5,27;4,31;4,95;27,3;14,6;15;14,1;13;95;998;0;NA;27
4/7/2018;5,27;4,34;4,93;0,3;15,4;18,5;14;14,1;92;998;0;0,5;27
5/7/2018;5,27;4,3;4,93;0;19;23,5;14,5;NA;NA;996;4,8;NA;27
6/7/2018;5,26;4,3;4,89;0;22,4;28,1;17,4;18,7;82;998;2,7;3,8;27
7/7/2018;5,29;4,31;4,85;2,5;17,9;21,5;17,6;15,7;87;NA;0;0,5;27
8/7/2018;5,29;4,26;4,83;7,8;10,4;16,5;10;9,2;92;1001;0;0,5;27
9/7/2018;5,29;4,25;4,82;0;11,5;14,5;10,8;8,3;81;1002;0;1,4;28
10/7/2018;5,29;4,23;4,8;0;11,9;17;6,4;6,8;73;1002;8,5;1,2;28
11/7/2018;5,29;4,22;4,79;0;13;19;4,6;9,2;81;1002;3,8;0,8;28
12/7/2018;5,3;4,2;4,77;0;16,8;22;8,6;10,8;71;996;3,7;2,1;28
13/7/2018;5,29;4,19;4,75;0;20,7;27,5;13,2;14;69;992;8,3;3,2;28
14/7/2018;5,29;4,16;4,73;0;26,4;30,5;13,4;16,3;55;NA;8,5;3;28
15/7/2018;5,29;4,15;4,71;0;28;32;20,2;17,4;54;997;7,7;3,4;28
16/7/2018;5,29;4,13;4,7;0;26;31,5;21,2;19,1;67;999;8,5;3,7;29
17/7/2018;5,29;4,1;4,67;0;25,6;32;20,3;18,6;69;999;7,5;3,1;29
18/7/2018;5,29;4,1;4,65;0;25,6;32,5;17,8;16,4;59;999;8,7;4,5;29
19/7/2018;5,29;4,08;4,63;0;27,9;33;19,2;16,5;51;1000;8,6;5,6;29
20/7/2018;5,28;4,04;4,6;10,1;18,3;24,5;12;8,7;90;997;0;2,1;29
21/7/2018;5,27;4,04;4,58;0;10,6;17;5;5;71;994;8,3;3,4;29
22/7/2018;5,27;4,03;4,55;0;16,1;20;6;10,2;70;991;0;1,2;29
23/7/2018;5,28;4,01;4,52;0;14,7;17,5;6,5;10,4;77;992;2;3;30
24/7/2018;5,28;4;4,49;0;10,9;12,6;9,5;8,7;87;995;0;1,5;30
25/7/2018;5,27;4;4,44;0;12,3;14,5;9,8;9,9;85;997;0;0,1;30
26/7/2018;5,26;3,98;4,42;0;14,2;19,5;11,4;10,4;80;995;5,2;2;30
27/7/2018;5,26;3,97;4,4;0;13,5;16;10;12,2;92;994;0;0,8;30
28/7/2018;5,25;3,96;4,37;0;16,2;23,5;12,5;12;78;993;5;2,5;30
29/7/2018;5,25;3,96;4,36;0;15,9;21;7;8,5;64;992;8,5;4,8;30
30/7/2018;5,25;3,94;4,33;0;16,8;23;7,3;9,1;64;991;8,5;3;31
31/7/2018;5,25;3,93;4,29;0;14,4;20,5;8,8;6,4;61;994;8,6;2,8;31
1/8/2018;5,25;3,92;4,27;0;15,1;22;6,4;6,9;61;1005;8,8;2,4;31
2/8/2018;5,24;3,92;4,26;0;13,9;18;8,2;10,3;79;1004;0;1,7;31
3/8/2018;5,23;3,91;4,28;0;16,2;21,5;9,6;10;69;1003;5,8;3,5;31
4/8/2018;5,23;3,89;4,3;0;13,8;18,5;10,4;9,3;75;1007;1,7;1,8;31
5/8/2018;5,24;3,88;4,32;0;13,5;20,5;9,1;7,5;70;1007;2,2;4,7;31
6/8/2018;5,24;3,87;4,32;0;16,9;25,5;6,4;10,1;67;1006;9,2;2,7;32
7/8/2018;5,25;3,86;4,28;0;21,6;27;9,8;14,7;66;999;8,8;2,1;32
8/8/2018;5,25;3,84;4,25;0,8;18,7;20,8;18,5;13,1;70;1006;0,8;2,5;32
9/8/2018;5,25;3,83;4,2;0;12,5;18,5;8,2;5,5;65;1010;7,6;2,3;32
10/8/2018;5,24;3,84;4,19;0;12,8;20;5;6,5;69;1008;9,2;2,3;32
11/8/2018;5,23;3,84;4,17;0;15,5;24,5;5,4;5,7;57;1007;9,2;3;32
12/8/2018;5,23;3,84;4,16;0;22,5;29,5;8;9,4;47;1003;9;4,4;32
13/8/2018;5,23;3,84;4,16;0;24,5;31,5;14,2;10,2;42;999;9,3;5;33
14/8/2018;5,22;3,84;4,16;3;17,7;22;16,2;13,3;78;1006;0;0;33
15/8/2018;5,21;3,84;4,14;0;15,2;22;13,5;12,7;85;1009;4;4;33
16/8/2018;5,2;3,84;4,13;0;20,3;26,8;11,8;13,4;69;1009;8,7;2,7;33
17/8/2018;NA;NA;NA;0;22,5;28,5;13,8;14,9;64;1007;8,2;3,9;33
18/8/2018;5,19;3,82;4,15;2;25,5;30,7;18,4;14,4;51;1002;9,3;3,5;33
19/8/2018;5,19;3,8;4,17;2;22,5;25;19,9;NA;90;1007;0;3,3;33
20/8/2018;5,19;3,79;4,13;0,8;9,5;10,7;8,2;4,7;76;1014;0;0,3;34
21/8/2018;5,16;3,79;4,14;3,3;8,1;9;7,5;7;92;1012;0;0,6;34
22/8/2018;5,16;3,82;4,14;0;11,5;15;4,8;7,8;78;1008;2,3;1,7;34
23/8/2018;5,15;3,81;4,1;0;21,7;28,2;9,4;15,6;70;995;7,7;3,7;34
24/8/2018;5,15;3,8;4,11;0;20,4;29;15,4;13,2;63;1002;4,6;4,8;34
25/8/2018;5,17;3,8;4,09;0;14,8;19,6;6,6;3;47;1013;9,5;2,6;34
26/8/2018;5,15;3,81;4,08;0;15,2;22;4,8;2,9;47;1013;9,3;3,9;34
27/8/2018;5,12;3,8;4,07;0;17,8;25;4;7,9;52;1006;9,3;3,7;35
28/8/2018;5,1;3,8;4,06;0;14;32,6;13,1;NA;NA;NA;9,5;NA;35
29/8/2018;5,1;3,8;4,04;0;29,2;35,5;22,9;NA;NA;NA;8,2;NA;35
30/8/2018;5,08;3,79;4,03;0;30,8;37;24,4;15,4;41;996;9;4,2;35
31/8/2018;5,07;3,77;4,02;0,7;19;30;17,8;NA;NA;NA;0;1,6;35
1/9/2018;5,07;3,76;4,02;38,5;13,4;15;11,8;11,1;95;1003;0;NA;35
2/9/2018;5,06;3,77;4,03;3,3;12,1;14;10;11,3;95;1005;0;0,1;35
3/9/2018;5,06;3,79;4,01;0,3;16,7;20;10;14,9;89;1007;3,5;1,5;36
4/9/2018;5,02;3,79;4;0;17,8;23;11,7;10,2;64;1007;9;2,5;36
5/9/2018;5,01;3,78;3,99;0;19;25,5;8,9;9,8;58;1005;9,8;4,1;36
6/9/2018;5;3,78;3,98;0;23;29;12,8;10,9;49;1003;10;5,8;36
7/9/2018;5;3,74;3,98;0;23,1;31;12,4;11,2;53;1004;NA;3,8;36
8/9/2018;4,98;3,74;3,97;0;25,5;32,5;13,8;10,8;43;1002;9,6;4;36
9/9/2018;4,96;3,73;3,97;0;25,8;31,8;14,2;12,7;47;1001;9,7;6,2;36
10/9/2018;4,94;3,73;3,96;0;23,9;29,7;14,2;14,9;60;1002;8,9;5;37
11/9/2018;4,94;3,73;3,95;0;25,1;31;15,5;15,4;57;1001;9;5;37
12/9/2018;4,92;3,72;3,93;1,7;25,4;30;19,2;16,9;61;999;4;3,5;37
13/9/2018;4,9;3,71;3,93;16,4;20,5;23;20,4;17,9;88;1000;0;NA;37
14/9/2018;4,9;3,72;3,92;0;21;25,5;18,4;17,8;83;999;5,3;3,5;37
15/9/2018;4,9;3,74;3,92;1,1;22,6;27,5;15;15,7;67;999;9,5;3,5;37
16/9/2018;4,9;3,73;3,91;52,8;18,2;21;17,8;17,2;94;999;0;NA;37
17/9/2018;4,87;3,81;3,9;0;19,9;25;17,2;15,9;80;998;7,7;4,7;38
18/9/2018;4,87;3,82;3,93;0;22,9;28,5;13,8;16,3;68;995;10;5,4;38
19/9/2018;4,86;3,83;3,95;14,2;28;34;18,5;20,1;63;994;9,3;NA;38
20/9/2018;4,86;3,86;3,94;0,3;23;26;19,8;18,8;78;999;1,2;2,3;38
21/9/2018;4,87;3,88;3,95;0;26,2;31;18,1;20,2;70;1005;8,7;5,1;38
22/9/2018;4,85;3,88;3,95;0;30,9;36;24;21,9;60;994;8,3;5;38
23/9/2018;4,85;3,86;3,97;0;31,5;37;27;22,3;59;993;10;5,8;38
24/9/2018;4,79;3,87;3,99;0,8;27,3;33,5;NA;19,8;65;996;8,5;5,8;39
25/9/2018;4,78;3,87;4;2,7;22,9;25;20,8;20,3;85;997;0,5;1,7;39
26/9/2018;4,77;3,9;4,05;55,4;21,5;23;21;20;91;996;0;NA;39
27/9/2018;4,77;3,96;4,2;0;22,1;26,5;19,5;21,2;95;998;4;2,2;39
28/9/2018;4,76;3,96;4,32;0;26,3;30,5;19,4;19,5;67;998;9,3;5,7;39
29/9/2018;4,75;3,97;4,42;6,3;29,7;33,7;22,4;21,4;62;992;10;6,6;39
30/9/2018;4,74;4;4,5;0;24,4;29;20;19,7;76;995;7;4;39
1/10/2018;4,7;4,04;4,57;14,8;26,7;34,5;23,2;21,7;70;995;9,5;NA;40
2/10/2018;4,65;4,06;4,6;10,6;18,5;24,5;17,1;16,7;97;999;0;0,4;40
3/10/2018;4,62;4,12;4,67;0;19,4;23;17;17,2;85;1002;0;2,4;40
4/10/2018;4,6;4,15;4,7;0;22;27,5;18,2;9,8;47;1006;6,2;5,2;40
5/10/2018;4,59;4,18;4,76;0;20,6;25,5;18,1;9,3;47;1005;7;6,7;40
6/10/2018;4,55;4,18;4,76;44,5;21,7;27,5;17,6;14;60;999;5,3;NA;40
7/10/2018;4,53;4,19;4,8;25,2;20,9;22;20;19,9;95;997;0;NA;40
8/10/2018;4,51;4,3;4,85;0,4;24;28,5;21;20,6;79;995;6,6;5;41
9/10/2018;4,48;4,35;4,88;38,5;26,7;32,5;21,9;22,1;70;993;6,9;NA;41
10/10/2018;4,47;4,35;4,93;30;22,5;26,5;20,6;20,9;92;1000;0;NA;41
11/10/2018;4,47;4,5;4,98;0;24,8;30;19,8;21,1;74;999;8,5;4,8;41
12/10/2018;4,47;4,55;5,02;39,4;24,8;32;23;21,3;75;996;7;NA;41
13/10/2018;4,47;4,64;5,02;0,2;18,7;21,7;18;16,8;91;1001;0;0,2;41
14/10/2018;4,42;4,74;5,02;0,8;18,7;20;18;17,5;93;1000;0;1,4;41
15/10/2018;4,35;4,82;5,16;0;20,1;27;17,4;16,1;74;998;10,5;5,7;42
16/10/2018;4,3;4,9;5,29;0;23,9;30,5;15,7;19,3;67;993;10;6,3;42
17/10/2018;4,25;4,94;5,36;0;28,6;33,5;24,3;22,9;67;991;7,8;7,4;42
18/10/2018;4,22;5,02;5,43;0,1;27,2;32,5;26;22,9;73;994;8;7,4;42
19/10/2018;4,18;5,1;5,52;0;24,2;29,5;21,1;18,9;69;1000;1,5;5,4;42
20/10/2018;4,1;5,14;5,56;0;25,7;31,5;19,6;19,6;64;999;10,3;6;42
21/10/2018;4,06;5,19;5,64;0;26,3;31,7;22;18,9;59;998;10,7;8,7;42
22/10/2018;4,02;5,23;5,71;4,7;26,1;31;22;17,5;55;997;6,7;5,4;43
23/10/2018;3,98;5,3;5,73;46,7;22;25,5;21;19,8;93;1000;0;NA;43
24/10/2018;3,95;5,41;5,82;2;22,8;25;20,4;21,9;92;997;0;1;43
25/10/2018;3,94;5,46;5,88;3,3;24,9;29;22;21,9;80;998;2,7;0,8;43
26/10/2018;3,92;5,52;5,9;0,5;24,3;30,5;23;21,3;80;996;6;5,5;43
27/10/2018;3,91;5,56;5,93;0;21,4;26,7;18;14,6;62;1000;10,7;6,7;43
28/10/2018;3,91;5,61;5,9;0;22,4;29,5;15;14,1;54;1000;11;8,4;43
29/10/2018;3,91;5,61;5,95;0;24,1;31;18,4;14,7;51;997;11,3;6,2;44
30/10/2018;3,92;5,62;6,01;0;28,4;34,5;20,2;23,2;66;994;10,6;NA;44
31/10/2018;3,93;5,61;6,07;27,9;31,3;35;27,5;21,7;70;996;3,6;NA;44
1/11/2018;3,93;5,67;6,17;0;23;25;20;19,9;83;999;0,3;2,1;44
2/11/2018;3,91;5,71;6,24;0;25,7;30;21,8;22,2;82;994;5,2;2,5;44
3/11/2018;3,91;5,74;6,36;72,6;28,6;33,4;23,8;21,7;88;993;4,6;NA;44
4/11/2018;3,9;5,85;6,5;0;27;31,5;18,9;21,4;73;996;9,8;6,4;44
5/11/2018;3,86;5,87;6,59;0;29,3;33,5;21,4;22,5;68;997;8,8;6,7;45
6/11/2018;3,84;5,9;6,67;0;26,9;29,5;23,8;21,2;71;1000;0;4,8;45
7/11/2018;3,83;5,93;6,73;0;27,1;32;21,6;21,5;72;1002;10,8;6,7;45
8/11/2018;3,8;5,95;6,79;0;28,1;31,5;21;19,9;62;1000;11,3;7,8;45
9/11/2018;3,78;5,98;6,84;0;27,4;31;22;19,1;61;998;9;6,8;45
10/11/2018;3,77;5,98;6,9;0;28,5;32,1;21,4;21;65;993;11,3;7,3;45
11/11/2018;3,77;5,98;6,94;0;30,7;35;23,2;22,9;64;993;11,3;9,2;45
12/11/2018;3,77;5,98;6,96;0;32,2;36;26,4;23,6;61;992;9,8;8,5;46
13/11/2018;3,76;5,97;7,05;110,7;34,1;36,6;28,4;23,2;54;992;8,3;NA;46
14/11/2018;3,71;6;7,08;0;23,3;27,5;20,9;17,5;71;998;7;6;46
15/11/2018;3,67;6;7,15;0;25,4;30,5;16,5;15,5;56;998;11,2;6,6;46
16/11/2018;3,6;6;7,2;0;28,7;34;19,8;21,3;65;997;5,5;5,1;46
17/11/2018;3,6;5,99;7,3;56;30,4;34,5;24,6;22,7;64;994;11,5;NA;46
18/11/2018;3,55;5,98;7,33;8,3;21,2;28,8;19,9;19;88;1001;0;6,5;46
19/11/2018;3,55;6,02;7,35;0;23,8;28,5;17,2;13,6;54;1002;11,5;7,8;47
20/11/2018;3,55;6;7,4;0;27,3;31,5;15,8;18,4;60;1001;11,2;6,5;47
21/11/2018;3,55;6;7,4;0;27,9;32;20,2;20,2;64;999;11;8,3;47
22/11/2018;3,5;5,99;7,42;44,1;29,5;33,5;21,2;22;65;993;8,5;NA;47
23/11/2018;3,42;6;7,46;12,1;25,5;28,5;22,4;21,5;92;991;0;NA;47
24/11/2018;3,42;6;7,52;0;23,8;27,5;20,6;18,6;74;999;8,7;2,9;47
25/11/2018;3,53;5,98;7,54;0;26,2;31;19,2;20,4;71;1000;11,2;9,6;47
26/11/2018;3,57;5,99;7,54;0;29,2;33,5;20;19,9;58;998;10,7;7,9;48
27/11/2018;3,61;6;7,56;24,1;29,9;33;25,4;22,4;65;997;8;8,7;48
28/11/2018;3,66;6;7,66;0;24,5;28,5;21,8;22,8;91;999;0;3,2;48
29/11/2018;3,66;5,99;7,66;0;27,3;30,5;22,8;22,4;75;996;4,7;4,7;48
30/11/2018;3,68;5,99;7,66;0;27;30,5;23,5;21,1;71;994;7;6,2;48
1/12/2018;3,69;5,97;7,65;0;26,6;30;20,4;16,6;55;998;11;9,2;48
2/12/2018;3,7;5,97;7,65;0;21,4;24,5;18,2;12,3;56;1002;11,5;10,4;48
3/12/2018;3,7;5,97;7,63;0;21,2;27,5;15,1;12,3;57;1000;11,2;NA;49
4/12/2018;3,72;5,94;7,61;0;23,7;31;15,5;13,5;54;996;11,5;NA;49
5/12/2018;3,73;5,93;7,6;0;28,7;33,5;17,6;15,2;45;998;11,2;7,9;49
6/12/2018;3,73;5,93;7,6;0;29,2;34;19;15,4;45;1002;9,7;7,7;49
7/12/2018;3,7;5,92;7,64;0;22,5;27,5;18,9;13,2;56;1007;11;6;49
8/12/2018;3,67;5,91;7,65;0;23;31;15;NA;NA;NA;11,7;6,5;49
9/12/2018;3,66;5,9;7,65;0;24,9;32,8;17;NA;NA;NA;NA;7,5;49
10/12/2018;3,62;5,87;7,65;0;30,6;37;24;18,6;50;1000;8,2;8;50
11/12/2018;3,59;5,85;7,64;0;32,1;37,5;24,2;22,3;56;998;11,3;10;50
12/12/2018;3,56;5,83;7,62;42,5;26,9;35,5;24,8;21,7;76;998;2,8;NA;50
13/12/2018;3,52;5,82;7,63;0;28,5;35,5;21,7;22;68;995;10,8;8,7;50
14/12/2018;3,49;5,78;7,63;0;29,8;36;26,8;23,4;69;997;11,5;8,9;50
15/12/2018;3,47;5,74;7,6;0;29;31;26,9;NA;NA;NA;NA;6,5;50
16/12/2018;3,44;5,69;7,6;0;29,6;36,5;22,6;NA;NA;NA;11,8;7,8;50
17/12/2018;3,38;5,64;7,57;0;32,6;37;26,1;23,1;58;998;9,5;9,4;51
18/12/2018;3,32;5,57;7,54;0;30,7;35,7;26,8;23,6;66;999;10,2;7,9;51
19/12/2018;3,29;5,5;7,5;0;32,7;37,4;26,2;22,2;56;996;10;8,9;51
20/12/2018;3,24;5,42;7,45;0;33;37;26,2;21,4;51;995;11;9,7;51
21/12/2018;3,2;5,35;7,4;4,9;29,1;32;27,8;23,2;72;995;5,2;3,3;51
22/12/2018;3,15;5,26;7,37;0,3;26,2;29;23,4;NA;NA;NA;NA;2,5;51
23/12/2018;3,1;5,2;7,33;0;28,8;33;24,5;NA;NA;NA;9,8;7;51
24/12/2018;3,09;5,12;7,28;4,3;28,3;34;22,5;NA;NA;NA;NA;2,3;52
25/12/2018;3,07;5,02;7,23;0;29,5;35;23,9;NA;NA;NA;11,5;5,3;52
26/12/2018;3,05;4,92;7,15;0;30,5;35,4;25;22,6;64;995;7;6,5;52
27/12/2018;3,02;4,83;7,1;0;32,4;37;24,2;24,3;64;992;11,4;10,5;52
28/12/2018;3;4,71;7,04;21,8;31,3;35,7;26,8;22,8;82;994;5,9;6,3;52
29/12/2018;2,98;4,65;6,98;0;29,5;35,6;23,4;NA;NA;NA;NA;3;52
30/12/2018;2,97;4,53;6,85;3,4;30,1;35;25,2;NA;NA;NA;8,2;5,2;52
31/12/2018;2,96;4,45;6,75;0;29;32,5;25,5;NA;NA;NA;NA;3,2;52
